"AREA_PERIODO";"PERIODO_PRODUCAO";"DATA_INI_PERIODO";"DATA_FIM_PERIODO";"ordem";17;00
1;1701;01/01/2017;08/01/2017;0;17;01
1;1702;08/01/2017;15/01/2017;1;17;02
1;1703;15/01/2017;22/01/2017;2;17;03
1;1704;22/01/2017;29/01/2017;3;17;04
1;1705;29/01/2017;05/02/2017;4;17;05
1;1706;05/02/2017;12/02/2017;5;17;06
1;1707;12/02/2017;19/02/2017;6;17;07
1;1708;19/02/2017;26/02/2017;7;17;08
1;1709;26/02/2017;05/03/2017;8;17;09
1;1710;05/03/2017;12/03/2017;9;17;10
1;1711;12/03/2017;19/03/2017;10;17;11
1;1712;19/03/2017;26/03/2017;11;17;12
1;1713;26/03/2017;02/04/2017;12;17;13
1;1714;02/04/2017;09/04/2017;13;17;14
1;1715;09/04/2017;16/04/2017;14;17;15
1;1716;16/04/2017;23/04/2017;15;17;16
1;1717;23/04/2017;30/04/2017;16;17;17
1;1718;30/04/2017;07/05/2017;17;17;18
1;1719;07/05/2017;14/05/2017;18;17;19
1;1720;14/05/2017;21/05/2017;19;17;20
1;1721;21/05/2017;28/05/2017;20;17;21
1;1722;28/05/2017;04/06/2017;21;17;22
1;1723;04/06/2017;11/06/2017;22;17;23
1;1724;11/06/2017;18/06/2017;23;17;24
1;1725;18/06/2017;25/06/2017;24;17;25
1;1726;25/06/2017;02/07/2017;25;17;26
1;1727;02/07/2017;09/07/2017;26;17;27
1;1728;09/07/2017;16/07/2017;27;17;28
1;1729;16/07/2017;23/07/2017;28;17;29
1;1730;23/07/2017;30/07/2017;29;17;30
1;1731;30/07/2017;06/08/2017;30;17;31
1;1732;06/08/2017;13/08/2017;31;17;32
1;1733;13/08/2017;20/08/2017;32;17;33
1;1734;20/08/2017;27/08/2017;33;17;34
1;1735;27/08/2017;03/09/2017;34;17;35
1;1736;03/09/2017;10/09/2017;35;17;36
1;1737;10/09/2017;17/09/2017;36;17;37
1;1738;17/09/2017;24/09/2017;37;17;38
1;1739;24/09/2017;01/10/2017;38;17;39
1;1740;01/10/2017;08/10/2017;39;17;40
1;1741;08/10/2017;15/10/2017;40;17;41
1;1742;15/10/2017;22/10/2017;41;17;42
1;1743;22/10/2017;29/10/2017;42;17;43
1;1744;29/10/2017;05/11/2017;43;17;44
1;1745;05/11/2017;12/11/2017;44;17;45
1;1746;12/11/2017;19/11/2017;45;17;46
1;1747;19/11/2017;26/11/2017;46;17;47
1;1748;26/11/2017;03/12/2017;47;17;48
1;1749;03/12/2017;10/12/2017;48;17;49
1;1750;10/12/2017;17/12/2017;49;17;50
1;1751;17/12/2017;24/12/2017;50;17;51
1;1752;24/12/2017;31/12/2017;51;17;52
1;1753;31/12/2017;07/01/2018;52;17;53
1;1801;07/01/2018;14/01/2018;53;18;01
1;1802;14/01/2018;21/01/2018;54;18;02
1;1803;21/01/2018;28/01/2018;55;18;03
1;1804;28/01/2018;04/02/2018;56;18;04
1;1805;04/02/2018;11/02/2018;57;18;05
1;1806;11/02/2018;18/02/2018;58;18;06
1;1807;18/02/2018;25/02/2018;59;18;07
1;1808;25/02/2018;04/03/2018;60;18;08
1;1809;04/03/2018;11/03/2018;61;18;09
1;1810;11/03/2018;18/03/2018;62;18;10
1;1811;18/03/2018;25/03/2018;63;18;11
1;1812;25/03/2018;01/04/2018;64;18;12
1;1813;01/04/2018;08/04/2018;65;18;13
1;1814;08/04/2018;15/04/2018;66;18;14
1;1815;15/04/2018;22/04/2018;67;18;15
1;1816;22/04/2018;29/04/2018;68;18;16
1;1817;29/04/2018;06/05/2018;69;18;17
1;1818;06/05/2018;13/05/2018;70;18;18
1;1819;13/05/2018;20/05/2018;71;18;19
1;1820;20/05/2018;27/05/2018;72;18;20
1;1821;27/05/2018;03/06/2018;73;18;21
1;1822;03/06/2018;10/06/2018;74;18;22
1;1823;10/06/2018;17/06/2018;75;18;23
1;1824;17/06/2018;24/06/2018;76;18;24
1;1825;24/06/2018;01/07/2018;77;18;25
1;1826;01/07/2018;08/07/2018;78;18;26
1;1827;08/07/2018;15/07/2018;79;18;27
1;1828;15/07/2018;22/07/2018;80;18;28
1;1829;22/07/2018;29/07/2018;81;18;29
1;1830;29/07/2018;05/08/2018;82;18;30
1;1831;05/08/2018;12/08/2018;83;18;31
1;1832;12/08/2018;19/08/2018;84;18;32
1;1833;19/08/2018;26/08/2018;85;18;33
1;1834;26/08/2018;02/09/2018;86;18;34
1;1835;02/09/2018;09/09/2018;87;18;35
1;1836;09/09/2018;16/09/2018;88;18;36
1;1837;16/09/2018;23/09/2018;89;18;37
1;1838;23/09/2018;30/09/2018;90;18;38
1;1839;30/09/2018;07/10/2018;91;18;39
1;1840;07/10/2018;14/10/2018;92;18;40
1;1841;14/10/2018;21/10/2018;93;18;41
1;1842;21/10/2018;28/10/2018;94;18;42
1;1843;28/10/2018;04/11/2018;95;18;43
1;1844;04/11/2018;11/11/2018;96;18;44
1;1845;11/11/2018;18/11/2018;97;18;45
1;1846;18/11/2018;25/11/2018;98;18;46
1;1847;25/11/2018;02/12/2018;99;18;47
1;1848;02/12/2018;09/12/2018;100;18;48
1;1849;09/12/2018;16/12/2018;101;18;49
1;1850;16/12/2018;23/12/2018;102;18;50
1;1851;23/12/2018;30/12/2018;103;18;51
1;1852;30/12/2018;06/01/2019;104;18;52
1;1901;06/01/2019;13/01/2019;105;19;01
1;1902;13/01/2019;20/01/2019;106;19;02
1;1903;20/01/2019;27/01/2019;107;19;03
1;1904;27/01/2019;03/02/2019;108;19;04
1;1905;03/02/2019;10/02/2019;109;19;05
1;1906;10/02/2019;17/02/2019;110;19;06
1;1907;17/02/2019;24/02/2019;111;19;07
1;1908;24/02/2019;03/03/2019;112;19;08
1;1909;03/03/2019;10/03/2019;113;19;09
1;1910;10/03/2019;17/03/2019;114;19;10
1;1911;17/03/2019;24/03/2019;115;19;11
1;1912;24/03/2019;31/03/2019;116;19;12
1;1913;31/03/2019;07/04/2019;117;19;13
1;1914;07/04/2019;14/04/2019;118;19;14
1;1915;14/04/2019;21/04/2019;119;19;15
1;1916;21/04/2019;28/04/2019;120;19;16
1;1917;28/04/2019;05/05/2019;121;19;17
1;1918;05/05/2019;12/05/2019;122;19;18
1;1919;12/05/2019;19/05/2019;123;19;19
1;1920;19/05/2019;26/05/2019;124;19;20
1;1921;26/05/2019;02/06/2019;125;19;21
1;1922;02/06/2019;09/06/2019;126;19;22
1;1923;09/06/2019;16/06/2019;127;19;23
1;1924;16/06/2019;23/06/2019;128;19;24
1;1925;23/06/2019;30/06/2019;129;19;25
1;1926;30/06/2019;07/07/2019;130;19;26
1;1927;07/07/2019;14/07/2019;131;19;27
1;1928;14/07/2019;21/07/2019;132;19;28
1;1929;21/07/2019;28/07/2019;133;19;29
1;1930;28/07/2019;04/08/2019;134;19;30
1;1931;04/08/2019;11/08/2019;135;19;31
1;1932;11/08/2019;18/08/2019;136;19;32
1;1933;18/08/2019;25/08/2019;137;19;33
1;1934;25/08/2019;01/09/2019;138;19;34
1;1935;01/09/2019;08/09/2019;139;19;35
1;1936;08/09/2019;15/09/2019;140;19;36
1;1937;15/09/2019;22/09/2019;141;19;37
1;1938;22/09/2019;29/09/2019;142;19;38
1;1939;29/09/2019;06/10/2019;143;19;39
1;1940;06/10/2019;13/10/2019;144;19;40
1;1941;13/10/2019;20/10/2019;145;19;41
1;1942;20/10/2019;27/10/2019;146;19;42
1;1943;27/10/2019;03/11/2019;147;19;43
1;1944;03/11/2019;10/11/2019;148;19;44
1;1945;10/11/2019;17/11/2019;149;19;45
1;1946;17/11/2019;24/11/2019;150;19;46
1;1947;24/11/2019;01/12/2019;151;19;47
1;1948;01/12/2019;08/12/2019;152;19;48
1;1949;08/12/2019;15/12/2019;153;19;49
1;1950;15/12/2019;22/12/2019;154;19;50
1;1951;22/12/2019;29/12/2019;155;19;51
1;1952;29/12/2019;05/01/2020;156;19;52
1;2001;05/01/2020;12/01/2020;157;20;01
1;2002;12/01/2020;19/01/2020;158;20;02
1;2003;19/01/2020;26/01/2020;159;20;03
1;2004;26/01/2020;02/02/2020;160;20;04
1;2005;02/02/2020;09/02/2020;161;20;05
1;2006;09/02/2020;16/02/2020;162;20;06
1;2007;16/02/2020;23/02/2020;163;20;07
1;2008;23/02/2020;01/03/2020;164;20;08
1;2009;01/03/2020;08/03/2020;165;20;09
1;2010;08/03/2020;15/03/2020;166;20;10
1;2011;15/03/2020;22/03/2020;167;20;11
1;2012;22/03/2020;29/03/2020;168;20;12
1;2013;29/03/2020;05/04/2020;169;20;13
1;2014;05/04/2020;12/04/2020;170;20;14
1;2015;12/04/2020;19/04/2020;171;20;15
1;2016;19/04/2020;26/04/2020;172;20;16
1;2017;26/04/2020;03/05/2020;173;20;17
1;2018;03/05/2020;10/05/2020;174;20;18
1;2019;10/05/2020;17/05/2020;175;20;19
1;2020;17/05/2020;24/05/2020;176;20;20
1;2021;24/05/2020;31/05/2020;177;20;21
1;2022;31/05/2020;07/06/2020;178;20;22
1;2023;07/06/2020;14/06/2020;179;20;23
1;2024;14/06/2020;21/06/2020;180;20;24
1;2025;21/06/2020;28/06/2020;181;20;25
1;2026;28/06/2020;05/07/2020;182;20;26
1;2027;05/07/2020;12/07/2020;183;20;27
1;2028;12/07/2020;19/07/2020;184;20;28
1;2029;19/07/2020;26/07/2020;185;20;29
1;2030;26/07/2020;02/08/2020;186;20;30
1;2031;02/08/2020;09/08/2020;187;20;31
1;2032;09/08/2020;16/08/2020;188;20;32
1;2033;16/08/2020;23/08/2020;189;20;33
1;2034;23/08/2020;30/08/2020;190;20;34
1;2035;30/08/2020;06/09/2020;191;20;35
1;2036;06/09/2020;13/09/2020;192;20;36
1;2037;13/09/2020;20/09/2020;193;20;37
1;2038;20/09/2020;27/09/2020;194;20;38
1;2039;27/09/2020;04/10/2020;195;20;39
1;2040;04/10/2020;11/10/2020;196;20;40
1;2041;11/10/2020;18/10/2020;197;20;41
1;2042;18/10/2020;25/10/2020;198;20;42
1;2043;25/10/2020;01/11/2020;199;20;43
1;2044;01/11/2020;08/11/2020;200;20;44
1;2045;08/11/2020;15/11/2020;201;20;45
1;2046;15/11/2020;22/11/2020;202;20;46
1;2047;22/11/2020;29/11/2020;203;20;47
1;2048;29/11/2020;06/12/2020;204;20;48
1;2049;06/12/2020;13/12/2020;205;20;49
1;2050;13/12/2020;20/12/2020;206;20;50
1;2051;20/12/2020;27/12/2020;207;20;51
1;2052;27/12/2020;03/01/2021;208;20;52
1;2101;03/01/2021;10/01/2021;209;21;01
1;2102;10/01/2021;17/01/2021;210;21;02
1;2103;17/01/2021;24/01/2021;211;21;03
1;2104;24/01/2021;31/01/2021;212;21;04
1;2105;31/01/2021;07/02/2021;213;21;05
1;2106;07/02/2021;14/02/2021;214;21;06
1;2107;14/02/2021;21/02/2021;215;21;07
1;2108;21/02/2021;28/02/2021;216;21;08
1;2109;28/02/2021;07/03/2021;217;21;09
1;2110;07/03/2021;14/03/2021;218;21;10
1;2111;14/03/2021;21/03/2021;219;21;11
1;2112;21/03/2021;28/03/2021;220;21;12
1;2113;28/03/2021;04/04/2021;221;21;13
1;2114;04/04/2021;11/04/2021;222;21;14
1;2115;11/04/2021;18/04/2021;223;21;15
1;2116;18/04/2021;25/04/2021;224;21;16
1;2117;25/04/2021;02/05/2021;225;21;17
1;2118;02/05/2021;09/05/2021;226;21;18
1;2119;09/05/2021;16/05/2021;227;21;19
1;2120;16/05/2021;23/05/2021;228;21;20
1;2121;23/05/2021;30/05/2021;229;21;21
1;2122;30/05/2021;06/06/2021;230;21;22
1;2123;06/06/2021;13/06/2021;231;21;23
1;2124;13/06/2021;20/06/2021;232;21;24
1;2125;20/06/2021;27/06/2021;233;21;25
1;2126;27/06/2021;04/07/2021;234;21;26
1;2127;04/07/2021;11/07/2021;235;21;27
1;2128;11/07/2021;18/07/2021;236;21;28
1;2129;18/07/2021;25/07/2021;237;21;29
1;2130;25/07/2021;01/08/2021;238;21;30
1;2131;01/08/2021;08/08/2021;239;21;31
1;2132;08/08/2021;15/08/2021;240;21;32
1;2133;15/08/2021;22/08/2021;241;21;33
1;2134;22/08/2021;29/08/2021;242;21;34
1;2135;29/08/2021;05/09/2021;243;21;35
1;2136;05/09/2021;12/09/2021;244;21;36
1;2137;12/09/2021;19/09/2021;245;21;37
1;2138;19/09/2021;26/09/2021;246;21;38
1;2139;26/09/2021;03/10/2021;247;21;39
1;2140;03/10/2021;10/10/2021;248;21;40
1;2141;10/10/2021;17/10/2021;249;21;41
1;2142;17/10/2021;24/10/2021;250;21;42
1;2143;24/10/2021;31/10/2021;251;21;43
1;2144;31/10/2021;07/11/2021;252;21;44
1;2145;07/11/2021;14/11/2021;253;21;45
1;2146;14/11/2021;21/11/2021;254;21;46
1;2147;21/11/2021;28/11/2021;255;21;47
1;2148;28/11/2021;05/12/2021;256;21;48
1;2149;05/12/2021;12/12/2021;257;21;49
1;2150;12/12/2021;19/12/2021;258;21;50
1;2151;19/12/2021;26/12/2021;259;21;51
1;2152;26/12/2021;02/01/2022;260;21;52
1;2201;02/01/2022;09/01/2022;261;22;01
1;2202;09/01/2022;16/01/2022;262;22;02
1;2203;16/01/2022;23/01/2022;263;22;03
1;2204;23/01/2022;30/01/2022;264;22;04
1;2205;30/01/2022;06/02/2022;265;22;05
1;2206;06/02/2022;13/02/2022;266;22;06
1;2207;13/02/2022;20/02/2022;267;22;07
1;2208;20/02/2022;27/02/2022;268;22;08
1;2209;27/02/2022;06/03/2022;269;22;09
1;2210;06/03/2022;13/03/2022;270;22;10
1;2211;13/03/2022;20/03/2022;271;22;11
1;2212;20/03/2022;27/03/2022;272;22;12
1;2213;27/03/2022;03/04/2022;273;22;13
1;2214;03/04/2022;10/04/2022;274;22;14
1;2215;10/04/2022;17/04/2022;275;22;15
1;2216;17/04/2022;24/04/2022;276;22;16
1;2217;24/04/2022;01/05/2022;277;22;17
1;2218;01/05/2022;08/05/2022;278;22;18
1;2219;08/05/2022;15/05/2022;279;22;19
1;2220;15/05/2022;22/05/2022;280;22;20
1;2221;22/05/2022;29/05/2022;281;22;21
1;2222;29/05/2022;05/06/2022;282;22;22
1;2223;05/06/2022;12/06/2022;283;22;23
1;2224;12/06/2022;19/06/2022;284;22;24
1;2225;19/06/2022;26/06/2022;285;22;25
1;2226;26/06/2022;03/07/2022;286;22;26
1;2227;03/07/2022;10/07/2022;287;22;27
1;2228;10/07/2022;17/07/2022;288;22;28
1;2229;17/07/2022;24/07/2022;289;22;29
1;2230;24/07/2022;31/07/2022;290;22;30
1;2231;31/07/2022;07/08/2022;291;22;31
1;2232;07/08/2022;14/08/2022;292;22;32
1;2233;14/08/2022;21/08/2022;293;22;33
1;2234;21/08/2022;28/08/2022;294;22;34
1;2235;28/08/2022;04/09/2022;295;22;35
1;2236;04/09/2022;11/09/2022;296;22;36
1;2237;11/09/2022;18/09/2022;297;22;37
1;2238;18/09/2022;25/09/2022;298;22;38
1;2239;25/09/2022;02/10/2022;299;22;39
1;2240;02/10/2022;09/10/2022;300;22;40
1;2241;09/10/2022;16/10/2022;301;22;41
1;2242;16/10/2022;23/10/2022;302;22;42
1;2243;23/10/2022;30/10/2022;303;22;43
1;2244;30/10/2022;06/11/2022;304;22;44
1;2245;06/11/2022;13/11/2022;305;22;45
1;2246;13/11/2022;20/11/2022;306;22;46
1;2247;20/11/2022;27/11/2022;307;22;47
1;2248;27/11/2022;04/12/2022;308;22;48
1;2249;04/12/2022;11/12/2022;309;22;49
1;2250;11/12/2022;18/12/2022;310;22;50
1;2251;18/12/2022;25/12/2022;311;22;51
1;2252;25/12/2022;01/01/2023;312;22;52
1;2301;01/01/2023;08/01/2023;313;23;01
1;2302;08/01/2023;15/01/2023;314;23;02
1;2303;15/01/2023;22/01/2023;315;23;03
1;2304;22/01/2023;29/01/2023;316;23;04
1;2305;29/01/2023;05/02/2023;317;23;05
1;2306;05/02/2023;12/02/2023;318;23;06
1;2307;12/02/2023;19/02/2023;319;23;07
1;2308;19/02/2023;26/02/2023;320;23;08
1;2309;26/02/2023;05/03/2023;321;23;09
1;2310;05/03/2023;12/03/2023;322;23;10
1;2311;12/03/2023;19/03/2023;323;23;11
1;2312;19/03/2023;26/03/2023;324;23;12
1;2313;26/03/2023;02/04/2023;325;23;13
1;2314;02/04/2023;09/04/2023;326;23;14
1;2315;09/04/2023;16/04/2023;327;23;15
1;2316;16/04/2023;23/04/2023;328;23;16
1;2317;23/04/2023;30/04/2023;329;23;17
1;2318;30/04/2023;07/05/2023;330;23;18
1;2319;07/05/2023;14/05/2023;331;23;19
1;2320;14/05/2023;21/05/2023;332;23;20
1;2321;21/05/2023;28/05/2023;333;23;21
1;2322;28/05/2023;04/06/2023;334;23;22
1;2323;04/06/2023;11/06/2023;335;23;23
1;2324;11/06/2023;18/06/2023;336;23;24
1;2325;18/06/2023;25/06/2023;337;23;25
1;2326;25/06/2023;02/07/2023;338;23;26
1;2327;02/07/2023;09/07/2023;339;23;27
1;2328;09/07/2023;16/07/2023;340;23;28
1;2329;16/07/2023;23/07/2023;341;23;29
1;2330;23/07/2023;30/07/2023;342;23;30
1;2331;30/07/2023;06/08/2023;343;23;31
1;2332;06/08/2023;13/08/2023;344;23;32
1;2333;13/08/2023;20/08/2023;345;23;33
1;2334;20/08/2023;27/08/2023;346;23;34
1;2335;27/08/2023;03/09/2023;347;23;35
1;2336;03/09/2023;10/09/2023;348;23;36
1;2337;10/09/2023;17/09/2023;349;23;37
1;2338;17/09/2023;24/09/2023;350;23;38
1;2339;24/09/2023;01/10/2023;351;23;39
1;2340;01/10/2023;08/10/2023;352;23;40
1;2341;08/10/2023;15/10/2023;353;23;41
1;2342;15/10/2023;22/10/2023;354;23;42
1;2343;22/10/2023;29/10/2023;355;23;43
1;2344;29/10/2023;05/11/2023;356;23;44
1;2345;05/11/2023;12/11/2023;357;23;45
1;2346;12/11/2023;19/11/2023;358;23;46
1;2347;19/11/2023;26/11/2023;359;23;47
1;2348;26/11/2023;03/12/2023;360;23;48
1;2349;03/12/2023;10/12/2023;361;23;49
1;2350;10/12/2023;17/12/2023;362;23;50
1;2351;17/12/2023;24/12/2023;363;23;51
1;2352;24/12/2023;31/12/2023;364;23;52
1;2353;31/12/2023;07/01/2024;365;23;53
1;2401;07/01/2024;14/01/2024;366;24;01
1;2402;14/01/2024;21/01/2024;367;24;02
1;2403;21/01/2024;28/01/2024;368;24;03
1;2404;28/01/2024;04/02/2024;369;24;04
1;2405;04/02/2024;11/02/2024;370;24;05
1;2406;11/02/2024;18/02/2024;371;24;06
1;2407;18/02/2024;25/02/2024;372;24;07
1;2408;25/02/2024;03/03/2024;373;24;08
1;2409;03/03/2024;10/03/2024;374;24;09
1;2410;10/03/2024;17/03/2024;375;24;10
1;2411;17/03/2024;24/03/2024;376;24;11
1;2412;24/03/2024;31/03/2024;377;24;12
1;2413;31/03/2024;07/04/2024;378;24;13
1;2414;07/04/2024;14/04/2024;379;24;14
1;2415;14/04/2024;21/04/2024;380;24;15
1;2416;21/04/2024;28/04/2024;381;24;16
1;2417;28/04/2024;05/05/2024;382;24;17
1;2418;05/05/2024;12/05/2024;383;24;18
1;2419;12/05/2024;19/05/2024;384;24;19
1;2420;19/05/2024;26/05/2024;385;24;20
1;2421;26/05/2024;02/06/2024;386;24;21
1;2422;02/06/2024;09/06/2024;387;24;22
1;2423;09/06/2024;16/06/2024;388;24;23
1;2424;16/06/2024;23/06/2024;389;24;24
1;2425;23/06/2024;30/06/2024;390;24;25
1;2426;30/06/2024;07/07/2024;391;24;26
1;2427;07/07/2024;14/07/2024;392;24;27
1;2428;14/07/2024;21/07/2024;393;24;28
1;2429;21/07/2024;28/07/2024;394;24;29
1;2430;28/07/2024;04/08/2024;395;24;30
1;2431;04/08/2024;11/08/2024;396;24;31
1;2432;11/08/2024;18/08/2024;397;24;32
1;2433;18/08/2024;25/08/2024;398;24;33
1;2434;25/08/2024;01/09/2024;399;24;34
1;2435;01/09/2024;08/09/2024;400;24;35
1;2436;08/09/2024;15/09/2024;401;24;36
1;2437;15/09/2024;22/09/2024;402;24;37
1;2438;22/09/2024;29/09/2024;403;24;38
1;2439;29/09/2024;06/10/2024;404;24;39
1;2440;06/10/2024;13/10/2024;405;24;40
1;2441;13/10/2024;20/10/2024;406;24;41
1;2442;20/10/2024;27/10/2024;407;24;42
1;2443;27/10/2024;03/11/2024;408;24;43
1;2444;03/11/2024;10/11/2024;409;24;44
1;2445;10/11/2024;17/11/2024;410;24;45
1;2446;17/11/2024;24/11/2024;411;24;46
1;2447;24/11/2024;01/12/2024;412;24;47
1;2448;01/12/2024;08/12/2024;413;24;48
1;2449;08/12/2024;15/12/2024;414;24;49
1;2450;15/12/2024;22/12/2024;415;24;50
1;2451;22/12/2024;29/12/2024;416;24;51
1;2452;29/12/2024;05/01/2025;417;24;52
1;2501;05/01/2025;12/01/2025;418;25;01
1;2502;12/01/2025;19/01/2025;419;25;02
1;2503;19/01/2025;26/01/2025;420;25;03
1;2504;26/01/2025;02/02/2025;421;25;04
1;2505;02/02/2025;09/02/2025;422;25;05
1;2506;09/02/2025;16/02/2025;423;25;06
1;2507;16/02/2025;23/02/2025;424;25;07
1;2508;23/02/2025;02/03/2025;425;25;08
1;2509;02/03/2025;09/03/2025;426;25;09
1;2510;09/03/2025;16/03/2025;427;25;10
1;2511;16/03/2025;23/03/2025;428;25;11
1;2512;23/03/2025;30/03/2025;429;25;12
1;2513;30/03/2025;06/04/2025;430;25;13
1;2514;06/04/2025;13/04/2025;431;25;14
1;2515;13/04/2025;20/04/2025;432;25;15
1;2516;20/04/2025;27/04/2025;433;25;16
1;2517;27/04/2025;04/05/2025;434;25;17
1;2518;04/05/2025;11/05/2025;435;25;18
1;2519;11/05/2025;18/05/2025;436;25;19
1;2520;18/05/2025;25/05/2025;437;25;20
1;2521;25/05/2025;01/06/2025;438;25;21
1;2522;01/06/2025;08/06/2025;439;25;22
1;2523;08/06/2025;15/06/2025;440;25;23
1;2524;15/06/2025;22/06/2025;441;25;24
1;2525;22/06/2025;29/06/2025;442;25;25
1;2526;29/06/2025;06/07/2025;443;25;26
1;2527;06/07/2025;13/07/2025;444;25;27
1;2528;13/07/2025;20/07/2025;445;25;28
1;2529;20/07/2025;27/07/2025;446;25;29
1;2530;27/07/2025;03/08/2025;447;25;30
1;2531;03/08/2025;10/08/2025;448;25;31
1;2532;10/08/2025;17/08/2025;449;25;32
1;2533;17/08/2025;24/08/2025;450;25;33
1;2534;24/08/2025;31/08/2025;451;25;34
1;2535;31/08/2025;07/09/2025;452;25;35
1;2536;07/09/2025;14/09/2025;453;25;36
1;2537;14/09/2025;21/09/2025;454;25;37
1;2538;21/09/2025;28/09/2025;455;25;38
1;2539;28/09/2025;05/10/2025;456;25;39
1;2540;05/10/2025;12/10/2025;457;25;40
1;2541;12/10/2025;19/10/2025;458;25;41
1;2542;19/10/2025;26/10/2025;459;25;42
1;2543;26/10/2025;02/11/2025;460;25;43
1;2544;02/11/2025;09/11/2025;461;25;44
1;2545;09/11/2025;16/11/2025;462;25;45
1;2546;16/11/2025;23/11/2025;463;25;46
1;2547;23/11/2025;30/11/2025;464;25;47
1;2548;30/11/2025;07/12/2025;465;25;48
1;2549;07/12/2025;14/12/2025;466;25;49
1;2550;14/12/2025;21/12/2025;467;25;50
1;2551;21/12/2025;28/12/2025;468;25;51
1;2552;28/12/2025;04/01/2026;469;25;52
1;2601;04/01/2026;11/01/2026;470;26;01
1;2602;11/01/2026;18/01/2026;471;26;02
1;2603;18/01/2026;25/01/2026;472;26;03
1;2604;25/01/2026;01/02/2026;473;26;04
1;2605;01/02/2026;08/02/2026;474;26;05
1;2606;08/02/2026;15/02/2026;475;26;06
1;2607;15/02/2026;22/02/2026;476;26;07
1;2608;22/02/2026;01/03/2026;477;26;08
1;2609;01/03/2026;08/03/2026;478;26;09
1;2610;08/03/2026;15/03/2026;479;26;10
1;2611;15/03/2026;22/03/2026;480;26;11
1;2612;22/03/2026;29/03/2026;481;26;12
1;2613;29/03/2026;05/04/2026;482;26;13
1;2614;05/04/2026;12/04/2026;483;26;14
1;2615;12/04/2026;19/04/2026;484;26;15
1;2616;19/04/2026;26/04/2026;485;26;16
1;2617;26/04/2026;03/05/2026;486;26;17
1;2618;03/05/2026;10/05/2026;487;26;18
1;2619;10/05/2026;17/05/2026;488;26;19
1;2620;17/05/2026;24/05/2026;489;26;20
1;2621;24/05/2026;31/05/2026;490;26;21
1;2622;31/05/2026;07/06/2026;491;26;22
1;2623;07/06/2026;14/06/2026;492;26;23
1;2624;14/06/2026;21/06/2026;493;26;24
1;2625;21/06/2026;28/06/2026;494;26;25
1;2626;28/06/2026;05/07/2026;495;26;26
1;2627;05/07/2026;12/07/2026;496;26;27
1;2628;12/07/2026;19/07/2026;497;26;28
1;2629;19/07/2026;26/07/2026;498;26;29
1;2630;26/07/2026;02/08/2026;499;26;30
1;2631;02/08/2026;09/08/2026;500;26;31
1;2632;09/08/2026;16/08/2026;501;26;32
1;2633;16/08/2026;23/08/2026;502;26;33
1;2634;23/08/2026;30/08/2026;503;26;34
1;2635;30/08/2026;06/09/2026;504;26;35
1;2636;06/09/2026;13/09/2026;505;26;36
1;2637;13/09/2026;20/09/2026;506;26;37
1;2638;20/09/2026;27/09/2026;507;26;38
1;2639;27/09/2026;04/10/2026;508;26;39
1;2640;04/10/2026;11/10/2026;509;26;40
1;2641;11/10/2026;18/10/2026;510;26;41
1;2642;18/10/2026;25/10/2026;511;26;42
1;2643;25/10/2026;01/11/2026;512;26;43
1;2644;01/11/2026;08/11/2026;513;26;44
1;2645;08/11/2026;15/11/2026;514;26;45
1;2646;15/11/2026;22/11/2026;515;26;46
1;2647;22/11/2026;29/11/2026;516;26;47
1;2648;29/11/2026;06/12/2026;517;26;48
1;2649;06/12/2026;13/12/2026;518;26;49
1;2650;13/12/2026;20/12/2026;519;26;50
1;2651;20/12/2026;27/12/2026;520;26;51
1;2652;27/12/2026;03/01/2027;521;26;52
1;2701;03/01/2027;10/01/2027;522;27;01
1;2702;10/01/2027;17/01/2027;523;27;02
1;2703;17/01/2027;24/01/2027;524;27;03
1;2704;24/01/2027;31/01/2027;525;27;04
1;2705;31/01/2027;07/02/2027;526;27;05
1;2706;07/02/2027;14/02/2027;527;27;06
1;2707;14/02/2027;21/02/2027;528;27;07
1;2708;21/02/2027;28/02/2027;529;27;08
1;2709;28/02/2027;07/03/2027;530;27;09
1;2710;07/03/2027;14/03/2027;531;27;10
1;2711;14/03/2027;21/03/2027;532;27;11
1;2712;21/03/2027;28/03/2027;533;27;12
1;2713;28/03/2027;04/04/2027;534;27;13
1;2714;04/04/2027;11/04/2027;535;27;14
1;2715;11/04/2027;18/04/2027;536;27;15
1;2716;18/04/2027;25/04/2027;537;27;16
1;2717;25/04/2027;02/05/2027;538;27;17
1;2718;02/05/2027;09/05/2027;539;27;18
1;2719;09/05/2027;16/05/2027;540;27;19
1;2720;16/05/2027;23/05/2027;541;27;20
1;2721;23/05/2027;30/05/2027;542;27;21
1;2722;30/05/2027;06/06/2027;543;27;22
1;2723;06/06/2027;13/06/2027;544;27;23
1;2724;13/06/2027;20/06/2027;545;27;24
1;2725;20/06/2027;27/06/2027;546;27;25
1;2726;27/06/2027;04/07/2027;547;27;26
1;2727;04/07/2027;11/07/2027;548;27;27
1;2728;11/07/2027;18/07/2027;549;27;28
1;2729;18/07/2027;25/07/2027;550;27;29
1;2730;25/07/2027;01/08/2027;551;27;30
1;2731;01/08/2027;08/08/2027;552;27;31
1;2732;08/08/2027;15/08/2027;553;27;32
1;2733;15/08/2027;22/08/2027;554;27;33
1;2734;22/08/2027;29/08/2027;555;27;34
1;2735;29/08/2027;05/09/2027;556;27;35
1;2736;05/09/2027;12/09/2027;557;27;36
1;2737;12/09/2027;19/09/2027;558;27;37
1;2738;19/09/2027;26/09/2027;559;27;38
1;2739;26/09/2027;03/10/2027;560;27;39
1;2740;03/10/2027;10/10/2027;561;27;40
1;2741;10/10/2027;17/10/2027;562;27;41
1;2742;17/10/2027;24/10/2027;563;27;42
1;2743;24/10/2027;31/10/2027;564;27;43
1;2744;31/10/2027;07/11/2027;565;27;44
1;2745;07/11/2027;14/11/2027;566;27;45
1;2746;14/11/2027;21/11/2027;567;27;46
1;2747;21/11/2027;28/11/2027;568;27;47
1;2748;28/11/2027;05/12/2027;569;27;48
1;2749;05/12/2027;12/12/2027;570;27;49
1;2750;12/12/2027;19/12/2027;571;27;50
1;2751;19/12/2027;26/12/2027;572;27;51
1;2752;26/12/2027;02/01/2028;573;27;52
1;2801;02/01/2028;09/01/2028;574;28;01
1;2802;09/01/2028;16/01/2028;575;28;02
1;2803;16/01/2028;23/01/2028;576;28;03
1;2804;23/01/2028;30/01/2028;577;28;04
1;2805;30/01/2028;06/02/2028;578;28;05
1;2806;06/02/2028;13/02/2028;579;28;06
1;2807;13/02/2028;20/02/2028;580;28;07
1;2808;20/02/2028;27/02/2028;581;28;08
1;2809;27/02/2028;05/03/2028;582;28;09
1;2810;05/03/2028;12/03/2028;583;28;10
1;2811;12/03/2028;19/03/2028;584;28;11
1;2812;19/03/2028;26/03/2028;585;28;12
1;2813;26/03/2028;02/04/2028;586;28;13
1;2814;02/04/2028;09/04/2028;587;28;14
1;2815;09/04/2028;16/04/2028;588;28;15
1;2816;16/04/2028;23/04/2028;589;28;16
1;2817;23/04/2028;30/04/2028;590;28;17
1;2818;30/04/2028;07/05/2028;591;28;18
1;2819;07/05/2028;14/05/2028;592;28;19
1;2820;14/05/2028;21/05/2028;593;28;20
1;2821;21/05/2028;28/05/2028;594;28;21
1;2822;28/05/2028;04/06/2028;595;28;22
1;2823;04/06/2028;11/06/2028;596;28;23
1;2824;11/06/2028;18/06/2028;597;28;24
1;2825;18/06/2028;25/06/2028;598;28;25
1;2826;25/06/2028;02/07/2028;599;28;26
1;2827;02/07/2028;09/07/2028;600;28;27
1;2828;09/07/2028;16/07/2028;601;28;28
1;2829;16/07/2028;23/07/2028;602;28;29
1;2830;23/07/2028;30/07/2028;603;28;30
1;2831;30/07/2028;06/08/2028;604;28;31
1;2832;06/08/2028;13/08/2028;605;28;32
1;2833;13/08/2028;20/08/2028;606;28;33
1;2834;20/08/2028;27/08/2028;607;28;34
1;2835;27/08/2028;03/09/2028;608;28;35
1;2836;03/09/2028;10/09/2028;609;28;36
1;2837;10/09/2028;17/09/2028;610;28;37
1;2838;17/09/2028;24/09/2028;611;28;38
1;2839;24/09/2028;01/10/2028;612;28;39
1;2840;01/10/2028;08/10/2028;613;28;40
1;2841;08/10/2028;15/10/2028;614;28;41
1;2842;15/10/2028;22/10/2028;615;28;42
1;2843;22/10/2028;29/10/2028;616;28;43
1;2844;29/10/2028;05/11/2028;617;28;44
1;2845;05/11/2028;12/11/2028;618;28;45
1;2846;12/11/2028;19/11/2028;619;28;46
1;2847;19/11/2028;26/11/2028;620;28;47
1;2848;26/11/2028;03/12/2028;621;28;48
1;2849;03/12/2028;10/12/2028;622;28;49
1;2850;10/12/2028;17/12/2028;623;28;50
1;2851;17/12/2028;24/12/2028;624;28;51
1;2852;24/12/2028;31/12/2028;625;28;52
1;2853;31/12/2028;07/01/2029;626;28;53
1;2901;07/01/2029;14/01/2029;627;29;01
1;2902;14/01/2029;21/01/2029;628;29;02
1;2903;21/01/2029;28/01/2029;629;29;03
1;2904;28/01/2029;04/02/2029;630;29;04
1;2905;04/02/2029;11/02/2029;631;29;05
1;2906;11/02/2029;18/02/2029;632;29;06
1;2907;18/02/2029;25/02/2029;633;29;07
1;2908;25/02/2029;04/03/2029;634;29;08
1;2909;04/03/2029;11/03/2029;635;29;09
1;2910;11/03/2029;18/03/2029;636;29;10
1;2911;18/03/2029;25/03/2029;637;29;11
1;2912;25/03/2029;01/04/2029;638;29;12
1;2913;01/04/2029;08/04/2029;639;29;13
1;2914;08/04/2029;15/04/2029;640;29;14
1;2915;15/04/2029;22/04/2029;641;29;15
1;2916;22/04/2029;29/04/2029;642;29;16
1;2917;29/04/2029;06/05/2029;643;29;17
1;2918;06/05/2029;13/05/2029;644;29;18
1;2919;13/05/2029;20/05/2029;645;29;19
1;2920;20/05/2029;27/05/2029;646;29;20
1;2921;27/05/2029;03/06/2029;647;29;21
1;2922;03/06/2029;10/06/2029;648;29;22
1;2923;10/06/2029;17/06/2029;649;29;23
1;2924;17/06/2029;24/06/2029;650;29;24
1;2925;24/06/2029;01/07/2029;651;29;25
1;2926;01/07/2029;08/07/2029;652;29;26
1;2927;08/07/2029;15/07/2029;653;29;27
1;2928;15/07/2029;22/07/2029;654;29;28
1;2929;22/07/2029;29/07/2029;655;29;29
1;2930;29/07/2029;05/08/2029;656;29;30
1;2931;05/08/2029;12/08/2029;657;29;31
1;2932;12/08/2029;19/08/2029;658;29;32
1;2933;19/08/2029;26/08/2029;659;29;33
1;2934;26/08/2029;02/09/2029;660;29;34
1;2935;02/09/2029;09/09/2029;661;29;35
1;2936;09/09/2029;16/09/2029;662;29;36
1;2937;16/09/2029;23/09/2029;663;29;37
1;2938;23/09/2029;30/09/2029;664;29;38
1;2939;30/09/2029;07/10/2029;665;29;39
1;2940;07/10/2029;14/10/2029;666;29;40
1;2941;14/10/2029;21/10/2029;667;29;41
1;2942;21/10/2029;28/10/2029;668;29;42
1;2943;28/10/2029;04/11/2029;669;29;43
1;2944;04/11/2029;11/11/2029;670;29;44
1;2945;11/11/2029;18/11/2029;671;29;45
1;2946;18/11/2029;25/11/2029;672;29;46
1;2947;25/11/2029;02/12/2029;673;29;47
1;2948;02/12/2029;09/12/2029;674;29;48
1;2949;09/12/2029;16/12/2029;675;29;49
1;2950;16/12/2029;23/12/2029;676;29;50
1;2951;23/12/2029;30/12/2029;677;29;51
1;2952;30/12/2029;06/01/2030;678;29;52
1;3001;06/01/2030;13/01/2030;679;30;01
1;3002;13/01/2030;20/01/2030;680;30;02
1;3003;20/01/2030;27/01/2030;681;30;03
1;3004;27/01/2030;03/02/2030;682;30;04
1;3005;03/02/2030;10/02/2030;683;30;05
1;3006;10/02/2030;17/02/2030;684;30;06
1;3007;17/02/2030;24/02/2030;685;30;07
1;3008;24/02/2030;03/03/2030;686;30;08
1;3009;03/03/2030;10/03/2030;687;30;09
1;3010;10/03/2030;17/03/2030;688;30;10
1;3011;17/03/2030;24/03/2030;689;30;11
1;3012;24/03/2030;31/03/2030;690;30;12
1;3013;31/03/2030;07/04/2030;691;30;13
1;3014;07/04/2030;14/04/2030;692;30;14
1;3015;14/04/2030;21/04/2030;693;30;15
1;3016;21/04/2030;28/04/2030;694;30;16
1;3017;28/04/2030;05/05/2030;695;30;17
1;3018;05/05/2030;12/05/2030;696;30;18
1;3019;12/05/2030;19/05/2030;697;30;19
1;3020;19/05/2030;26/05/2030;698;30;20
1;3021;26/05/2030;02/06/2030;699;30;21
1;3022;02/06/2030;09/06/2030;700;30;22
1;3023;09/06/2030;16/06/2030;701;30;23
1;3024;16/06/2030;23/06/2030;702;30;24
1;3025;23/06/2030;30/06/2030;703;30;25
1;3026;30/06/2030;07/07/2030;704;30;26
1;3027;07/07/2030;14/07/2030;705;30;27
1;3028;14/07/2030;21/07/2030;706;30;28
1;3029;21/07/2030;28/07/2030;707;30;29
1;3030;28/07/2030;04/08/2030;708;30;30
1;3031;04/08/2030;11/08/2030;709;30;31
1;3032;11/08/2030;18/08/2030;710;30;32
1;3033;18/08/2030;25/08/2030;711;30;33
1;3034;25/08/2030;01/09/2030;712;30;34
1;3035;01/09/2030;08/09/2030;713;30;35
1;3036;08/09/2030;15/09/2030;714;30;36
1;3037;15/09/2030;22/09/2030;715;30;37
1;3038;22/09/2030;29/09/2030;716;30;38
1;3039;29/09/2030;06/10/2030;717;30;39
1;3040;06/10/2030;13/10/2030;718;30;40
1;3041;13/10/2030;20/10/2030;719;30;41
1;3042;20/10/2030;27/10/2030;720;30;42
1;3043;27/10/2030;03/11/2030;721;30;43
1;3044;03/11/2030;10/11/2030;722;30;44
1;3045;10/11/2030;17/11/2030;723;30;45
1;3046;17/11/2030;24/11/2030;724;30;46
1;3047;24/11/2030;01/12/2030;725;30;47
1;3048;01/12/2030;08/12/2030;726;30;48
1;3049;08/12/2030;15/12/2030;727;30;49
1;3050;15/12/2030;22/12/2030;728;30;50
1;3051;22/12/2030;29/12/2030;729;30;51
1;3052;29/12/2030;05/01/2031;730;30;52
1;3101;05/01/2031;12/01/2031;731;31;01
1;3102;12/01/2031;19/01/2031;732;31;02
1;3103;19/01/2031;26/01/2031;733;31;03
1;3104;26/01/2031;02/02/2031;734;31;04
1;3105;02/02/2031;09/02/2031;735;31;05
1;3106;09/02/2031;16/02/2031;736;31;06
1;3107;16/02/2031;23/02/2031;737;31;07
1;3108;23/02/2031;02/03/2031;738;31;08
1;3109;02/03/2031;09/03/2031;739;31;09
1;3110;09/03/2031;16/03/2031;740;31;10
1;3111;16/03/2031;23/03/2031;741;31;11
1;3112;23/03/2031;30/03/2031;742;31;12
1;3113;30/03/2031;06/04/2031;743;31;13
1;3114;06/04/2031;13/04/2031;744;31;14
1;3115;13/04/2031;20/04/2031;745;31;15
1;3116;20/04/2031;27/04/2031;746;31;16
1;3117;27/04/2031;04/05/2031;747;31;17
1;3118;04/05/2031;11/05/2031;748;31;18
1;3119;11/05/2031;18/05/2031;749;31;19
1;3120;18/05/2031;25/05/2031;750;31;20
1;3121;25/05/2031;01/06/2031;751;31;21
1;3122;01/06/2031;08/06/2031;752;31;22
1;3123;08/06/2031;15/06/2031;753;31;23
1;3124;15/06/2031;22/06/2031;754;31;24
1;3125;22/06/2031;29/06/2031;755;31;25
1;3126;29/06/2031;06/07/2031;756;31;26
1;3127;06/07/2031;13/07/2031;757;31;27
1;3128;13/07/2031;20/07/2031;758;31;28
1;3129;20/07/2031;27/07/2031;759;31;29
1;3130;27/07/2031;03/08/2031;760;31;30
1;3131;03/08/2031;10/08/2031;761;31;31
1;3132;10/08/2031;17/08/2031;762;31;32
1;3133;17/08/2031;24/08/2031;763;31;33
1;3134;24/08/2031;31/08/2031;764;31;34
1;3135;31/08/2031;07/09/2031;765;31;35
1;3136;07/09/2031;14/09/2031;766;31;36
1;3137;14/09/2031;21/09/2031;767;31;37
1;3138;21/09/2031;28/09/2031;768;31;38
1;3139;28/09/2031;05/10/2031;769;31;39
1;3140;05/10/2031;12/10/2031;770;31;40
1;3141;12/10/2031;19/10/2031;771;31;41
1;3142;19/10/2031;26/10/2031;772;31;42
1;3143;26/10/2031;02/11/2031;773;31;43
1;3144;02/11/2031;09/11/2031;774;31;44
1;3145;09/11/2031;16/11/2031;775;31;45
1;3146;16/11/2031;23/11/2031;776;31;46
1;3147;23/11/2031;30/11/2031;777;31;47
1;3148;30/11/2031;07/12/2031;778;31;48
1;3149;07/12/2031;14/12/2031;779;31;49
1;3150;14/12/2031;21/12/2031;780;31;50
1;3151;21/12/2031;28/12/2031;781;31;51
1;3152;28/12/2031;04/01/2032;782;31;52
1;3201;04/01/2032;11/01/2032;783;32;01
1;3202;11/01/2032;18/01/2032;784;32;02
1;3203;18/01/2032;25/01/2032;785;32;03
1;3204;25/01/2032;01/02/2032;786;32;04
1;3205;01/02/2032;08/02/2032;787;32;05
1;3206;08/02/2032;15/02/2032;788;32;06
1;3207;15/02/2032;22/02/2032;789;32;07
1;3208;22/02/2032;29/02/2032;790;32;08
1;3209;29/02/2032;07/03/2032;791;32;09
1;3210;07/03/2032;14/03/2032;792;32;10
1;3211;14/03/2032;21/03/2032;793;32;11
1;3212;21/03/2032;28/03/2032;794;32;12
1;3213;28/03/2032;04/04/2032;795;32;13
1;3214;04/04/2032;11/04/2032;796;32;14
1;3215;11/04/2032;18/04/2032;797;32;15
1;3216;18/04/2032;25/04/2032;798;32;16
1;3217;25/04/2032;02/05/2032;799;32;17
1;3218;02/05/2032;09/05/2032;800;32;18
1;3219;09/05/2032;16/05/2032;801;32;19
1;3220;16/05/2032;23/05/2032;802;32;20
1;3221;23/05/2032;30/05/2032;803;32;21
1;3222;30/05/2032;06/06/2032;804;32;22
1;3223;06/06/2032;13/06/2032;805;32;23
1;3224;13/06/2032;20/06/2032;806;32;24
1;3225;20/06/2032;27/06/2032;807;32;25
1;3226;27/06/2032;04/07/2032;808;32;26
1;3227;04/07/2032;11/07/2032;809;32;27
1;3228;11/07/2032;18/07/2032;810;32;28
1;3229;18/07/2032;25/07/2032;811;32;29
1;3230;25/07/2032;01/08/2032;812;32;30
1;3231;01/08/2032;08/08/2032;813;32;31
1;3232;08/08/2032;15/08/2032;814;32;32
1;3233;15/08/2032;22/08/2032;815;32;33
1;3234;22/08/2032;29/08/2032;816;32;34
1;3235;29/08/2032;05/09/2032;817;32;35
1;3236;05/09/2032;12/09/2032;818;32;36
1;3237;12/09/2032;19/09/2032;819;32;37
1;3238;19/09/2032;26/09/2032;820;32;38
1;3239;26/09/2032;03/10/2032;821;32;39
1;3240;03/10/2032;10/10/2032;822;32;40
1;3241;10/10/2032;17/10/2032;823;32;41
1;3242;17/10/2032;24/10/2032;824;32;42
1;3243;24/10/2032;31/10/2032;825;32;43
1;3244;31/10/2032;07/11/2032;826;32;44
1;3245;07/11/2032;14/11/2032;827;32;45
1;3246;14/11/2032;21/11/2032;828;32;46
1;3247;21/11/2032;28/11/2032;829;32;47
1;3248;28/11/2032;05/12/2032;830;32;48
1;3249;05/12/2032;12/12/2032;831;32;49
1;3250;12/12/2032;19/12/2032;832;32;50
1;3251;19/12/2032;26/12/2032;833;32;51
1;3252;26/12/2032;02/01/2033;834;32;52
1;3301;02/01/2033;09/01/2033;835;33;01
1;3302;09/01/2033;16/01/2033;836;33;02
1;3303;16/01/2033;23/01/2033;837;33;03
1;3304;23/01/2033;30/01/2033;838;33;04
1;3305;30/01/2033;06/02/2033;839;33;05
1;3306;06/02/2033;13/02/2033;840;33;06
1;3307;13/02/2033;20/02/2033;841;33;07
1;3308;20/02/2033;27/02/2033;842;33;08
1;3309;27/02/2033;06/03/2033;843;33;09
1;3310;06/03/2033;13/03/2033;844;33;10
1;3311;13/03/2033;20/03/2033;845;33;11
1;3312;20/03/2033;27/03/2033;846;33;12
1;3313;27/03/2033;03/04/2033;847;33;13
1;3314;03/04/2033;10/04/2033;848;33;14
1;3315;10/04/2033;17/04/2033;849;33;15
1;3316;17/04/2033;24/04/2033;850;33;16
1;3317;24/04/2033;01/05/2033;851;33;17
1;3318;01/05/2033;08/05/2033;852;33;18
1;3319;08/05/2033;15/05/2033;853;33;19
1;3320;15/05/2033;22/05/2033;854;33;20
1;3321;22/05/2033;29/05/2033;855;33;21
1;3322;29/05/2033;05/06/2033;856;33;22
1;3323;05/06/2033;12/06/2033;857;33;23
1;3324;12/06/2033;19/06/2033;858;33;24
1;3325;19/06/2033;26/06/2033;859;33;25
1;3326;26/06/2033;03/07/2033;860;33;26
1;3327;03/07/2033;10/07/2033;861;33;27
1;3328;10/07/2033;17/07/2033;862;33;28
1;3329;17/07/2033;24/07/2033;863;33;29
1;3330;24/07/2033;31/07/2033;864;33;30
1;3331;31/07/2033;07/08/2033;865;33;31
1;3332;07/08/2033;14/08/2033;866;33;32
1;3333;14/08/2033;21/08/2033;867;33;33
1;3334;21/08/2033;28/08/2033;868;33;34
1;3335;28/08/2033;04/09/2033;869;33;35
1;3336;04/09/2033;11/09/2033;870;33;36
1;3337;11/09/2033;18/09/2033;871;33;37
1;3338;18/09/2033;25/09/2033;872;33;38
1;3339;25/09/2033;02/10/2033;873;33;39
1;3340;02/10/2033;09/10/2033;874;33;40
1;3341;09/10/2033;16/10/2033;875;33;41
1;3342;16/10/2033;23/10/2033;876;33;42
1;3343;23/10/2033;30/10/2033;877;33;43
1;3344;30/10/2033;06/11/2033;878;33;44
1;3345;06/11/2033;13/11/2033;879;33;45
1;3346;13/11/2033;20/11/2033;880;33;46
1;3347;20/11/2033;27/11/2033;881;33;47
1;3348;27/11/2033;04/12/2033;882;33;48
1;3349;04/12/2033;11/12/2033;883;33;49
1;3350;11/12/2033;18/12/2033;884;33;50
1;3351;18/12/2033;25/12/2033;885;33;51
1;3352;25/12/2033;01/01/2034;886;33;52
1;3401;01/01/2034;08/01/2034;887;34;01
1;3402;08/01/2034;15/01/2034;888;34;02
1;3403;15/01/2034;22/01/2034;889;34;03
1;3404;22/01/2034;29/01/2034;890;34;04
1;3405;29/01/2034;05/02/2034;891;34;05
1;3406;05/02/2034;12/02/2034;892;34;06
1;3407;12/02/2034;19/02/2034;893;34;07
1;3408;19/02/2034;26/02/2034;894;34;08
1;3409;26/02/2034;05/03/2034;895;34;09
1;3410;05/03/2034;12/03/2034;896;34;10
1;3411;12/03/2034;19/03/2034;897;34;11
1;3412;19/03/2034;26/03/2034;898;34;12
1;3413;26/03/2034;02/04/2034;899;34;13
1;3414;02/04/2034;09/04/2034;900;34;14
1;3415;09/04/2034;16/04/2034;901;34;15
1;3416;16/04/2034;23/04/2034;902;34;16
1;3417;23/04/2034;30/04/2034;903;34;17
1;3418;30/04/2034;07/05/2034;904;34;18
1;3419;07/05/2034;14/05/2034;905;34;19
1;3420;14/05/2034;21/05/2034;906;34;20
1;3421;21/05/2034;28/05/2034;907;34;21
1;3422;28/05/2034;04/06/2034;908;34;22
1;3423;04/06/2034;11/06/2034;909;34;23
1;3424;11/06/2034;18/06/2034;910;34;24
1;3425;18/06/2034;25/06/2034;911;34;25
1;3426;25/06/2034;02/07/2034;912;34;26
1;3427;02/07/2034;09/07/2034;913;34;27
1;3428;09/07/2034;16/07/2034;914;34;28
1;3429;16/07/2034;23/07/2034;915;34;29
1;3430;23/07/2034;30/07/2034;916;34;30
1;3431;30/07/2034;06/08/2034;917;34;31
1;3432;06/08/2034;13/08/2034;918;34;32
1;3433;13/08/2034;20/08/2034;919;34;33
1;3434;20/08/2034;27/08/2034;920;34;34
1;3435;27/08/2034;03/09/2034;921;34;35
1;3436;03/09/2034;10/09/2034;922;34;36
1;3437;10/09/2034;17/09/2034;923;34;37
1;3438;17/09/2034;24/09/2034;924;34;38
1;3439;24/09/2034;01/10/2034;925;34;39
1;3440;01/10/2034;08/10/2034;926;34;40
1;3441;08/10/2034;15/10/2034;927;34;41
1;3442;15/10/2034;22/10/2034;928;34;42
1;3443;22/10/2034;29/10/2034;929;34;43
1;3444;29/10/2034;05/11/2034;930;34;44
1;3445;05/11/2034;12/11/2034;931;34;45
1;3446;12/11/2034;19/11/2034;932;34;46
1;3447;19/11/2034;26/11/2034;933;34;47
1;3448;26/11/2034;03/12/2034;934;34;48
1;3449;03/12/2034;10/12/2034;935;34;49
1;3450;10/12/2034;17/12/2034;936;34;50
1;3451;17/12/2034;24/12/2034;937;34;51
1;3452;24/12/2034;31/12/2034;938;34;52
1;3453;31/12/2034;07/01/2035;939;34;53
1;3501;07/01/2035;14/01/2035;940;35;01
1;3502;14/01/2035;21/01/2035;941;35;02
1;3503;21/01/2035;28/01/2035;942;35;03
1;3504;28/01/2035;04/02/2035;943;35;04
1;3505;04/02/2035;11/02/2035;944;35;05
1;3506;11/02/2035;18/02/2035;945;35;06
1;3507;18/02/2035;25/02/2035;946;35;07
1;3508;25/02/2035;04/03/2035;947;35;08
1;3509;04/03/2035;11/03/2035;948;35;09
1;3510;11/03/2035;18/03/2035;949;35;10
1;3511;18/03/2035;25/03/2035;950;35;11
1;3512;25/03/2035;01/04/2035;951;35;12
1;3513;01/04/2035;08/04/2035;952;35;13
1;3514;08/04/2035;15/04/2035;953;35;14
1;3515;15/04/2035;22/04/2035;954;35;15
1;3516;22/04/2035;29/04/2035;955;35;16
1;3517;29/04/2035;06/05/2035;956;35;17
1;3518;06/05/2035;13/05/2035;957;35;18
1;3519;13/05/2035;20/05/2035;958;35;19
1;3520;20/05/2035;27/05/2035;959;35;20
1;3521;27/05/2035;03/06/2035;960;35;21
1;3522;03/06/2035;10/06/2035;961;35;22
1;3523;10/06/2035;17/06/2035;962;35;23
1;3524;17/06/2035;24/06/2035;963;35;24
1;3525;24/06/2035;01/07/2035;964;35;25
1;3526;01/07/2035;08/07/2035;965;35;26
1;3527;08/07/2035;15/07/2035;966;35;27
1;3528;15/07/2035;22/07/2035;967;35;28
1;3529;22/07/2035;29/07/2035;968;35;29
1;3530;29/07/2035;05/08/2035;969;35;30
1;3531;05/08/2035;12/08/2035;970;35;31
1;3532;12/08/2035;19/08/2035;971;35;32
1;3533;19/08/2035;26/08/2035;972;35;33
1;3534;26/08/2035;02/09/2035;973;35;34
1;3535;02/09/2035;09/09/2035;974;35;35
1;3536;09/09/2035;16/09/2035;975;35;36
1;3537;16/09/2035;23/09/2035;976;35;37
1;3538;23/09/2035;30/09/2035;977;35;38
1;3539;30/09/2035;07/10/2035;978;35;39
1;3540;07/10/2035;14/10/2035;979;35;40
1;3541;14/10/2035;21/10/2035;980;35;41
1;3542;21/10/2035;28/10/2035;981;35;42
1;3543;28/10/2035;04/11/2035;982;35;43
1;3544;04/11/2035;11/11/2035;983;35;44
1;3545;11/11/2035;18/11/2035;984;35;45
1;3546;18/11/2035;25/11/2035;985;35;46
1;3547;25/11/2035;02/12/2035;986;35;47
1;3548;02/12/2035;09/12/2035;987;35;48
1;3549;09/12/2035;16/12/2035;988;35;49
1;3550;16/12/2035;23/12/2035;989;35;50
1;3551;23/12/2035;30/12/2035;990;35;51
1;3552;30/12/2035;06/01/2036;991;35;52
1;3601;06/01/2036;13/01/2036;992;36;01
1;3602;13/01/2036;20/01/2036;993;36;02
1;3603;20/01/2036;27/01/2036;994;36;03
1;3604;27/01/2036;03/02/2036;995;36;04
1;3605;03/02/2036;10/02/2036;996;36;05
1;3606;10/02/2036;17/02/2036;997;36;06
1;3607;17/02/2036;24/02/2036;998;36;07
1;3608;24/02/2036;02/03/2036;999;36;08
1;3609;02/03/2036;09/03/2036;1000;36;09
1;3610;09/03/2036;16/03/2036;1001;36;10
1;3611;16/03/2036;23/03/2036;1002;36;11
1;3612;23/03/2036;30/03/2036;1003;36;12
1;3613;30/03/2036;06/04/2036;1004;36;13
1;3614;06/04/2036;13/04/2036;1005;36;14
1;3615;13/04/2036;20/04/2036;1006;36;15
1;3616;20/04/2036;27/04/2036;1007;36;16
1;3617;27/04/2036;04/05/2036;1008;36;17
1;3618;04/05/2036;11/05/2036;1009;36;18
1;3619;11/05/2036;18/05/2036;1010;36;19
1;3620;18/05/2036;25/05/2036;1011;36;20
1;3621;25/05/2036;01/06/2036;1012;36;21
1;3622;01/06/2036;08/06/2036;1013;36;22
1;3623;08/06/2036;15/06/2036;1014;36;23
1;3624;15/06/2036;22/06/2036;1015;36;24
1;3625;22/06/2036;29/06/2036;1016;36;25
1;3626;29/06/2036;06/07/2036;1017;36;26
1;3627;06/07/2036;13/07/2036;1018;36;27
1;3628;13/07/2036;20/07/2036;1019;36;28
1;3629;20/07/2036;27/07/2036;1020;36;29
1;3630;27/07/2036;03/08/2036;1021;36;30
1;3631;03/08/2036;10/08/2036;1022;36;31
1;3632;10/08/2036;17/08/2036;1023;36;32
1;3633;17/08/2036;24/08/2036;1024;36;33
1;3634;24/08/2036;31/08/2036;1025;36;34
1;3635;31/08/2036;07/09/2036;1026;36;35
1;3636;07/09/2036;14/09/2036;1027;36;36
1;3637;14/09/2036;21/09/2036;1028;36;37
1;3638;21/09/2036;28/09/2036;1029;36;38
1;3639;28/09/2036;05/10/2036;1030;36;39
1;3640;05/10/2036;12/10/2036;1031;36;40
1;3641;12/10/2036;19/10/2036;1032;36;41
1;3642;19/10/2036;26/10/2036;1033;36;42
1;3643;26/10/2036;02/11/2036;1034;36;43
1;3644;02/11/2036;09/11/2036;1035;36;44
1;3645;09/11/2036;16/11/2036;1036;36;45
1;3646;16/11/2036;23/11/2036;1037;36;46
1;3647;23/11/2036;30/11/2036;1038;36;47
1;3648;30/11/2036;07/12/2036;1039;36;48
1;3649;07/12/2036;14/12/2036;1040;36;49
1;3650;14/12/2036;21/12/2036;1041;36;50
1;3651;21/12/2036;28/12/2036;1042;36;51
1;3652;28/12/2036;04/01/2037;1043;36;52
1;3701;04/01/2037;11/01/2037;1044;37;01
1;3702;11/01/2037;18/01/2037;1045;37;02
1;3703;18/01/2037;25/01/2037;1046;37;03
1;3704;25/01/2037;01/02/2037;1047;37;04
1;3705;01/02/2037;08/02/2037;1048;37;05
1;3706;08/02/2037;15/02/2037;1049;37;06
1;3707;15/02/2037;22/02/2037;1050;37;07
1;3708;22/02/2037;01/03/2037;1051;37;08
1;3709;01/03/2037;08/03/2037;1052;37;09
1;3710;08/03/2037;15/03/2037;1053;37;10
1;3711;15/03/2037;22/03/2037;1054;37;11
1;3712;22/03/2037;29/03/2037;1055;37;12
1;3713;29/03/2037;05/04/2037;1056;37;13
1;3714;05/04/2037;12/04/2037;1057;37;14
1;3715;12/04/2037;19/04/2037;1058;37;15
1;3716;19/04/2037;26/04/2037;1059;37;16
1;3717;26/04/2037;03/05/2037;1060;37;17
1;3718;03/05/2037;10/05/2037;1061;37;18
1;3719;10/05/2037;17/05/2037;1062;37;19
1;3720;17/05/2037;24/05/2037;1063;37;20
1;3721;24/05/2037;31/05/2037;1064;37;21
1;3722;31/05/2037;07/06/2037;1065;37;22
1;3723;07/06/2037;14/06/2037;1066;37;23
1;3724;14/06/2037;21/06/2037;1067;37;24
1;3725;21/06/2037;28/06/2037;1068;37;25
1;3726;28/06/2037;05/07/2037;1069;37;26
1;3727;05/07/2037;12/07/2037;1070;37;27
1;3728;12/07/2037;19/07/2037;1071;37;28
1;3729;19/07/2037;26/07/2037;1072;37;29
1;3730;26/07/2037;02/08/2037;1073;37;30
1;3731;02/08/2037;09/08/2037;1074;37;31
1;3732;09/08/2037;16/08/2037;1075;37;32
1;3733;16/08/2037;23/08/2037;1076;37;33
1;3734;23/08/2037;30/08/2037;1077;37;34
1;3735;30/08/2037;06/09/2037;1078;37;35
1;3736;06/09/2037;13/09/2037;1079;37;36
1;3737;13/09/2037;20/09/2037;1080;37;37
1;3738;20/09/2037;27/09/2037;1081;37;38
1;3739;27/09/2037;04/10/2037;1082;37;39
1;3740;04/10/2037;11/10/2037;1083;37;40
1;3741;11/10/2037;18/10/2037;1084;37;41
1;3742;18/10/2037;25/10/2037;1085;37;42
1;3743;25/10/2037;01/11/2037;1086;37;43
1;3744;01/11/2037;08/11/2037;1087;37;44
1;3745;08/11/2037;15/11/2037;1088;37;45
1;3746;15/11/2037;22/11/2037;1089;37;46
1;3747;22/11/2037;29/11/2037;1090;37;47
1;3748;29/11/2037;06/12/2037;1091;37;48
1;3749;06/12/2037;13/12/2037;1092;37;49
1;3750;13/12/2037;20/12/2037;1093;37;50
1;3751;20/12/2037;27/12/2037;1094;37;51
1;3752;27/12/2037;03/01/2038;1095;37;52
